Silhouette,Davies-Bouldin,Calinski-Harabasz,ARI,NMI,Melhor k
0.6005266450998674,0.39239835712749,31538.53194715965,0.04860573361891115,0.2553583873671342,50
